entry_time,exit_time,spread_side,long_symbol,short_symbol,entry_z,exit_z,pnl,holding_bars,holding_hours,exit_reason
2026-01-17 00:20:00+00:00,2026-01-17 04:15:00+00:00,SHORT_SPREAD,DOTUSDT,ATOMUSDT,2.8751,0.6939,-2.9302,47,3.92,signal
2026-01-17 09:35:00+00:00,2026-01-17 10:30:00+00:00,LONG_SPREAD,ATOMUSDT,DOTUSDT,-2.3853,-0.7305,6.3137,11,0.92,signal
2026-01-17 16:25:00+00:00,2026-01-17 20:35:00+00:00,LONG_SPREAD,ATOMUSDT,DOTUSDT,-3.2337,0.5948,22.5535,50,4.17,signal
2026-01-18 00:05:00+00:00,2026-01-18 00:15:00+00:00,LONG_SPREAD,ATOMUSDT,DOTUSDT,-2.3684,-0.3811,17.5927,2,0.17,signal
2026-01-18 01:15:00+00:00,2026-01-18 02:35:00+00:00,SHORT_SPREAD,DOTUSDT,ATOMUSDT,2.071,-0.415,18.3823,16,1.33,signal
2026-01-18 09:25:00+00:00,2026-01-18 10:45:00+00:00,LONG_SPREAD,ATOMUSDT,DOTUSDT,-2.4327,-0.044,19.6365,16,1.33,signal
2026-01-18 17:35:00+00:00,2026-01-18 17:45:00+00:00,LONG_SPREAD,ATOMUSDT,DOTUSDT,-2.2226,-0.6285,13.3081,2,0.17,signal
2026-01-18 17:55:00+00:00,2026-01-18 18:30:00+00:00,LONG_SPREAD,ATOMUSDT,DOTUSDT,-2.1507,-0.6499,10.8881,7,0.58,signal
2026-01-18 20:30:00+00:00,2026-01-18 23:15:00+00:00,LONG_SPREAD,ATOMUSDT,DOTUSDT,-2.2833,-0.5571,7.3841,33,2.75,signal
2026-01-19 00:05:00+00:00,2026-01-19 01:10:00+00:00,SHORT_SPREAD,DOTUSDT,ATOMUSDT,2.7805,0.2798,15.5833,13,1.08,signal
2026-01-19 04:00:00+00:00,2026-01-19 04:25:00+00:00,SHORT_SPREAD,DOTUSDT,ATOMUSDT,2.0427,0.2959,12.7893,5,0.42,signal
2026-01-19 14:25:00+00:00,2026-01-19 16:50:00+00:00,LONG_SPREAD,ATOMUSDT,DOTUSDT,-2.8958,0.1923,33.3792,29,2.42,signal
2026-01-20 04:35:00+00:00,2026-01-20 07:20:00+00:00,SHORT_SPREAD,DOTUSDT,ATOMUSDT,2.6913,0.5883,10.0246,33,2.75,signal
2026-01-20 08:20:00+00:00,2026-01-20 08:50:00+00:00,LONG_SPREAD,ATOMUSDT,DOTUSDT,-2.1814,0.744,26.5047,6,0.5,signal
2026-01-20 13:25:00+00:00,2026-01-20 14:10:00+00:00,LONG_SPREAD,ATOMUSDT,DOTUSDT,-2.1632,0.1631,19.384,9,0.75,signal
2026-01-20 15:20:00+00:00,2026-01-20 16:10:00+00:00,LONG_SPREAD,ATOMUSDT,DOTUSDT,-3.0121,0.086,27.2049,10,0.83,signal
2026-01-20 16:45:00+00:00,2026-01-20 16:50:00+00:00,LONG_SPREAD,ATOMUSDT,DOTUSDT,-2.7694,-0.2452,23.5002,1,0.08,signal
2026-01-20 17:50:00+00:00,2026-01-20 22:15:00+00:00,LONG_SPREAD,ATOMUSDT,DOTUSDT,-3.0128,0.637,14.9434,53,4.42,signal
2026-01-21 00:00:00+00:00,2026-01-21 00:20:00+00:00,LONG_SPREAD,ATOMUSDT,DOTUSDT,-2.1314,0.5789,25.0826,4,0.33,signal
2026-01-21 03:10:00+00:00,2026-01-21 09:10:00+00:00,SHORT_SPREAD,DOTUSDT,ATOMUSDT,2.8444,1.9834,0.2254,72,6.0,timeout
2026-01-21 10:25:00+00:00,2026-01-21 14:30:00+00:00,SHORT_SPREAD,DOTUSDT,ATOMUSDT,2.0111,-0.0955,14.1073,49,4.08,signal
2026-01-21 18:55:00+00:00,2026-01-21 19:15:00+00:00,LONG_SPREAD,ATOMUSDT,DOTUSDT,-2.849,0.6951,34.567,4,0.33,signal
2026-01-22 00:40:00+00:00,2026-01-22 06:40:00+00:00,LONG_SPREAD,ATOMUSDT,DOTUSDT,-2.0937,1.3963,32.8948,72,6.0,timeout
2026-01-23 09:25:00+00:00,2026-01-23 11:25:00+00:00,SHORT_SPREAD,DOTUSDT,ATOMUSDT,2.1358,0.7445,7.5144,24,2.0,signal
2026-01-23 12:45:00+00:00,2026-01-23 13:05:00+00:00,LONG_SPREAD,ATOMUSDT,DOTUSDT,-3.2647,0.3923,34.8937,4,0.33,signal
2026-01-23 14:45:00+00:00,2026-01-23 15:45:00+00:00,SHORT_SPREAD,DOTUSDT,ATOMUSDT,2.0772,0.7466,8.976,12,1.0,signal
2026-01-23 19:35:00+00:00,2026-01-23 20:40:00+00:00,SHORT_SPREAD,DOTUSDT,ATOMUSDT,2.0719,0.091,13.5383,13,1.08,signal
2026-01-23 21:15:00+00:00,2026-01-23 21:35:00+00:00,LONG_SPREAD,ATOMUSDT,DOTUSDT,-2.1798,0.1957,21.7277,4,0.33,signal
2026-01-24 00:35:00+00:00,2026-01-24 02:05:00+00:00,LONG_SPREAD,ATOMUSDT,DOTUSDT,-2.5838,-0.1631,18.0735,18,1.5,signal
2026-01-24 09:25:00+00:00,2026-01-24 09:30:00+00:00,LONG_SPREAD,ATOMUSDT,DOTUSDT,-2.0582,0.626,25.8832,1,0.08,signal
2026-01-24 15:05:00+00:00,2026-01-24 15:55:00+00:00,LONG_SPREAD,ATOMUSDT,DOTUSDT,-2.6635,-0.5009,18.0692,10,0.83,signal
2026-01-25 03:50:00+00:00,2026-01-25 04:45:00+00:00,SHORT_SPREAD,DOTUSDT,ATOMUSDT,2.5526,-0.2325,25.4907,11,0.92,signal
2026-01-25 12:15:00+00:00,2026-01-25 13:05:00+00:00,LONG_SPREAD,ATOMUSDT,DOTUSDT,-2.0928,-0.1094,16.4941,10,0.83,signal
2026-01-25 13:55:00+00:00,2026-01-25 14:25:00+00:00,LONG_SPREAD,ATOMUSDT,DOTUSDT,-2.1087,0.0111,17.5615,6,0.5,signal
2026-01-25 16:25:00+00:00,2026-01-25 17:50:00+00:00,SHORT_SPREAD,DOTUSDT,ATOMUSDT,2.1725,0.1261,16.4512,17,1.42,signal
2026-01-25 18:15:00+00:00,2026-01-25 18:45:00+00:00,SHORT_SPREAD,DOTUSDT,ATOMUSDT,2.5347,0.143,21.6846,6,0.5,signal
2026-01-25 19:35:00+00:00,2026-01-25 20:30:00+00:00,SHORT_SPREAD,DOTUSDT,ATOMUSDT,2.9677,0.598,14.689,11,0.92,signal
2026-01-25 21:05:00+00:00,2026-01-26 03:05:00+00:00,SHORT_SPREAD,DOTUSDT,ATOMUSDT,4.2868,1.0516,22.6142,72,6.0,timeout
2026-01-26 06:10:00+00:00,2026-01-26 06:55:00+00:00,LONG_SPREAD,ATOMUSDT,DOTUSDT,-3.8424,-0.0911,34.8521,9,0.75,signal
2026-01-26 09:25:00+00:00,2026-01-26 15:25:00+00:00,LONG_SPREAD,ATOMUSDT,DOTUSDT,-3.3105,1.4333,39.2321,72,6.0,timeout
2026-01-26 15:45:00+00:00,2026-01-26 16:15:00+00:00,SHORT_SPREAD,DOTUSDT,ATOMUSDT,3.5959,0.5201,27.1369,6,0.5,signal
2026-01-26 16:50:00+00:00,2026-01-26 22:50:00+00:00,LONG_SPREAD,ATOMUSDT,DOTUSDT,-2.202,0.962,9.2363,72,6.0,timeout
2026-01-27 00:40:00+00:00,2026-01-27 00:55:00+00:00,SHORT_SPREAD,DOTUSDT,ATOMUSDT,2.1692,-0.4735,25.012,3,0.25,signal
2026-01-27 04:45:00+00:00,2026-01-27 10:45:00+00:00,SHORT_SPREAD,DOTUSDT,ATOMUSDT,3.2939,-2.0941,41.9328,72,6.0,timeout
2026-01-27 10:50:00+00:00,2026-01-27 16:10:00+00:00,LONG_SPREAD,ATOMUSDT,DOTUSDT,-2.0733,0.6398,27.3714,64,5.33,signal
2026-01-27 23:05:00+00:00,2026-01-28 00:25:00+00:00,LONG_SPREAD,ATOMUSDT,DOTUSDT,-2.6615,0.7338,30.2447,16,1.33,signal
2026-01-29 02:50:00+00:00,2026-01-29 05:35:00+00:00,LONG_SPREAD,ATOMUSDT,DOTUSDT,-3.1391,-0.7475,7.2591,33,2.75,signal
2026-01-29 05:55:00+00:00,2026-01-29 07:20:00+00:00,LONG_SPREAD,ATOMUSDT,DOTUSDT,-2.155,0.4958,16.838,17,1.42,signal
2026-01-29 07:50:00+00:00,2026-01-29 09:00:00+00:00,SHORT_SPREAD,DOTUSDT,ATOMUSDT,2.0975,-0.0612,19.7396,14,1.17,signal
2026-01-29 11:10:00+00:00,2026-01-29 16:40:00+00:00,LONG_SPREAD,ATOMUSDT,DOTUSDT,-2.0923,0.5499,14.1741,66,5.5,signal
2026-01-29 17:50:00+00:00,2026-01-29 18:15:00+00:00,LONG_SPREAD,ATOMUSDT,DOTUSDT,-2.4356,0.0631,20.3286,5,0.42,signal
2026-01-29 19:35:00+00:00,2026-01-30 00:55:00+00:00,SHORT_SPREAD,DOTUSDT,ATOMUSDT,2.7711,0.5763,29.5055,64,5.33,signal
2026-01-30 07:00:00+00:00,2026-01-30 13:00:00+00:00,SHORT_SPREAD,DOTUSDT,ATOMUSDT,2.8365,-1.6729,38.2939,72,6.0,timeout
2026-01-30 13:15:00+00:00,2026-01-30 14:05:00+00:00,LONG_SPREAD,ATOMUSDT,DOTUSDT,-2.2911,0.1817,25.2025,10,0.83,signal
2026-01-30 15:35:00+00:00,2026-01-30 18:25:00+00:00,SHORT_SPREAD,DOTUSDT,ATOMUSDT,2.4024,-0.6161,27.6506,34,2.83,signal
2026-01-30 19:45:00+00:00,2026-01-30 21:00:00+00:00,SHORT_SPREAD,DOTUSDT,ATOMUSDT,3.629,0.3922,27.0267,15,1.25,signal
2026-01-31 05:40:00+00:00,2026-01-31 06:00:00+00:00,LONG_SPREAD,ATOMUSDT,DOTUSDT,-2.0716,-0.3313,15.9261,4,0.33,signal
2026-01-31 08:45:00+00:00,2026-01-31 09:00:00+00:00,LONG_SPREAD,ATOMUSDT,DOTUSDT,-2.0676,0.1366,21.5145,3,0.25,signal
2026-01-31 15:55:00+00:00,2026-01-31 17:00:00+00:00,LONG_SPREAD,ATOMUSDT,DOTUSDT,-3.0012,0.2238,32.2198,13,1.08,signal
2026-01-31 17:20:00+00:00,2026-01-31 18:05:00+00:00,LONG_SPREAD,ATOMUSDT,DOTUSDT,-2.8587,-0.4836,21.9707,9,0.75,signal
2026-01-31 18:20:00+00:00,2026-01-31 19:15:00+00:00,LONG_SPREAD,ATOMUSDT,DOTUSDT,-2.7597,0.0266,24.3249,11,0.92,signal
2026-01-31 21:55:00+00:00,2026-01-31 23:05:00+00:00,LONG_SPREAD,ATOMUSDT,DOTUSDT,-3.8659,0.2357,35.448,14,1.17,signal
2026-02-01 15:25:00+00:00,2026-02-01 17:30:00+00:00,LONG_SPREAD,ATOMUSDT,DOTUSDT,-3.0473,0.3537,29.7818,25,2.08,signal
2026-02-01 18:05:00+00:00,2026-02-01 21:40:00+00:00,SHORT_SPREAD,DOTUSDT,ATOMUSDT,2.8887,0.7478,15.8185,43,3.58,signal
2026-02-01 23:20:00+00:00,2026-02-02 00:25:00+00:00,LONG_SPREAD,ATOMUSDT,DOTUSDT,-2.8735,0.0878,26.6336,13,1.08,signal
2026-02-02 03:50:00+00:00,2026-02-02 04:25:00+00:00,LONG_SPREAD,ATOMUSDT,DOTUSDT,-2.4746,-0.5041,17.05,7,0.58,signal
2026-02-02 09:25:00+00:00,2026-02-02 09:45:00+00:00,LONG_SPREAD,ATOMUSDT,DOTUSDT,-2.2151,-0.3762,17.3835,4,0.33,signal
2026-02-02 14:45:00+00:00,2026-02-02 15:10:00+00:00,SHORT_SPREAD,DOTUSDT,ATOMUSDT,2.0368,0.2756,16.4109,5,0.42,signal
2026-02-02 21:10:00+00:00,2026-02-02 21:15:00+00:00,LONG_SPREAD,ATOMUSDT,DOTUSDT,-2.0935,-0.0128,21.0384,1,0.08,signal
2026-02-02 23:30:00+00:00,2026-02-03 00:10:00+00:00,SHORT_SPREAD,DOTUSDT,ATOMUSDT,2.7201,0.2027,23.3805,8,0.67,signal
2026-02-03 01:55:00+00:00,2026-02-03 02:50:00+00:00,SHORT_SPREAD,DOTUSDT,ATOMUSDT,2.1526,0.6605,12.679,11,0.92,signal
2026-02-03 09:30:00+00:00,2026-02-03 13:55:00+00:00,SHORT_SPREAD,DOTUSDT,ATOMUSDT,3.7727,-0.7497,34.4007,53,4.42,signal
2026-02-03 16:15:00+00:00,2026-02-03 16:40:00+00:00,SHORT_SPREAD,DOTUSDT,ATOMUSDT,2.5344,0.145,22.5617,5,0.42,signal
2026-02-03 21:55:00+00:00,2026-02-03 22:10:00+00:00,SHORT_SPREAD,DOTUSDT,ATOMUSDT,2.3375,-0.11,24.1978,3,0.25,signal
2026-02-03 22:35:00+00:00,2026-02-03 23:35:00+00:00,SHORT_SPREAD,DOTUSDT,ATOMUSDT,2.1924,-0.1362,23.944,12,1.0,signal
2026-02-04 00:05:00+00:00,2026-02-04 00:15:00+00:00,SHORT_SPREAD,DOTUSDT,ATOMUSDT,3.5997,-0.182,38.1143,2,0.17,signal
2026-02-04 00:40:00+00:00,2026-02-04 04:15:00+00:00,SHORT_SPREAD,DOTUSDT,ATOMUSDT,3.6657,3.06,-16.1818,43,3.58,signal
2026-02-04 08:45:00+00:00,2026-02-04 10:15:00+00:00,SHORT_SPREAD,DOTUSDT,ATOMUSDT,2.5413,1.3925,3.338,18,1.5,signal
2026-02-05 11:25:00+00:00,2026-02-05 14:00:00+00:00,LONG_SPREAD,ATOMUSDT,DOTUSDT,-4.6932,-0.4592,28.6981,31,2.58,signal
2026-02-05 16:00:00+00:00,2026-02-05 17:20:00+00:00,LONG_SPREAD,ATOMUSDT,DOTUSDT,-3.9727,-6.7436,-47.1612,16,1.33,stop
2026-02-05 19:45:00+00:00,2026-02-05 20:35:00+00:00,LONG_SPREAD,ATOMUSDT,DOTUSDT,-3.2176,-6.6333,-57.3293,10,0.83,stop
2026-02-06 01:05:00+00:00,2026-02-06 01:50:00+00:00,SHORT_SPREAD,DOTUSDT,ATOMUSDT,2.0034,0.2562,15.5479,9,0.75,signal
2026-02-06 06:05:00+00:00,2026-02-06 07:05:00+00:00,SHORT_SPREAD,DOTUSDT,ATOMUSDT,2.1702,0.5845,15.4169,12,1.0,signal
2026-02-06 09:45:00+00:00,2026-02-06 14:05:00+00:00,SHORT_SPREAD,DOTUSDT,ATOMUSDT,2.7114,-0.379,20.9169,52,4.33,signal
2026-02-06 14:50:00+00:00,2026-02-06 16:05:00+00:00,SHORT_SPREAD,DOTUSDT,ATOMUSDT,2.777,-0.5773,32.3357,15,1.25,signal
2026-02-06 16:20:00+00:00,2026-02-06 16:25:00+00:00,SHORT_SPREAD,DOTUSDT,ATOMUSDT,2.5383,6.1478,-46.1527,1,0.08,stop
2026-02-06 18:25:00+00:00,2026-02-06 19:30:00+00:00,SHORT_SPREAD,DOTUSDT,ATOMUSDT,2.0204,0.2131,14.358,13,1.08,signal
2026-02-06 20:35:00+00:00,2026-02-06 20:55:00+00:00,SHORT_SPREAD,DOTUSDT,ATOMUSDT,2.5104,-0.0126,24.9949,4,0.33,signal
2026-02-06 21:35:00+00:00,2026-02-07 00:25:00+00:00,SHORT_SPREAD,DOTUSDT,ATOMUSDT,2.969,-0.717,30.289,34,2.83,signal
2026-02-07 00:35:00+00:00,2026-02-07 01:55:00+00:00,SHORT_SPREAD,DOTUSDT,ATOMUSDT,2.3808,-0.6237,28.1113,16,1.33,signal
2026-02-07 07:00:00+00:00,2026-02-07 07:45:00+00:00,SHORT_SPREAD,DOTUSDT,ATOMUSDT,2.1303,0.2951,15.1397,9,0.75,signal
2026-02-07 12:25:00+00:00,2026-02-07 12:30:00+00:00,LONG_SPREAD,ATOMUSDT,DOTUSDT,-2.6024,0.6646,35.7672,1,0.08,signal
2026-02-07 12:45:00+00:00,2026-02-07 15:05:00+00:00,SHORT_SPREAD,DOTUSDT,ATOMUSDT,2.3575,-0.0398,20.2801,28,2.33,signal
2026-02-07 16:15:00+00:00,2026-02-07 18:15:00+00:00,SHORT_SPREAD,DOTUSDT,ATOMUSDT,3.204,0.7398,18.353,24,2.0,signal
2026-02-07 18:55:00+00:00,2026-02-07 19:50:00+00:00,LONG_SPREAD,ATOMUSDT,DOTUSDT,-2.4477,0.2583,26.8094,11,0.92,signal
2026-02-07 22:20:00+00:00,2026-02-08 00:40:00+00:00,SHORT_SPREAD,DOTUSDT,ATOMUSDT,2.269,0.5449,13.1163,28,2.33,signal
2026-02-08 04:00:00+00:00,2026-02-08 05:10:00+00:00,LONG_SPREAD,ATOMUSDT,DOTUSDT,-3.1687,0.3765,40.4056,14,1.17,signal
2026-02-08 07:05:00+00:00,2026-02-08 07:35:00+00:00,LONG_SPREAD,ATOMUSDT,DOTUSDT,-2.3767,0.4161,29.4397,6,0.5,signal
2026-02-08 10:25:00+00:00,2026-02-08 10:50:00+00:00,LONG_SPREAD,ATOMUSDT,DOTUSDT,-2.1848,0.3504,25.6916,5,0.42,signal
2026-02-08 11:55:00+00:00,2026-02-08 15:05:00+00:00,LONG_SPREAD,ATOMUSDT,DOTUSDT,-3.4032,-0.0504,25.0857,38,3.17,signal
2026-02-08 22:10:00+00:00,2026-02-08 23:45:00+00:00,LONG_SPREAD,ATOMUSDT,DOTUSDT,-2.1507,-0.2999,14.2891,19,1.58,signal
2026-02-09 00:25:00+00:00,2026-02-09 01:20:00+00:00,SHORT_SPREAD,DOTUSDT,ATOMUSDT,2.008,-0.676,25.9482,11,0.92,signal
2026-02-09 06:20:00+00:00,2026-02-09 10:05:00+00:00,SHORT_SPREAD,DOTUSDT,ATOMUSDT,2.687,0.559,-5.639,45,3.75,signal
2026-02-09 12:45:00+00:00,2026-02-09 15:45:00+00:00,LONG_SPREAD,ATOMUSDT,DOTUSDT,-2.1789,0.4715,25.909,36,3.0,signal
2026-02-09 16:50:00+00:00,2026-02-09 17:30:00+00:00,LONG_SPREAD,ATOMUSDT,DOTUSDT,-2.5427,-0.5539,18.5595,8,0.67,signal
2026-02-09 18:10:00+00:00,2026-02-09 20:25:00+00:00,SHORT_SPREAD,DOTUSDT,ATOMUSDT,2.4733,-0.1357,21.7236,27,2.25,signal
2026-02-09 21:30:00+00:00,2026-02-09 23:00:00+00:00,SHORT_SPREAD,DOTUSDT,ATOMUSDT,2.012,0.7477,7.6705,18,1.5,signal
2026-02-10 04:50:00+00:00,2026-02-10 05:45:00+00:00,SHORT_SPREAD,DOTUSDT,ATOMUSDT,2.1024,-0.3346,23.5087,11,0.92,signal
2026-02-10 06:50:00+00:00,2026-02-10 09:00:00+00:00,LONG_SPREAD,ATOMUSDT,DOTUSDT,-2.5122,-0.0696,19.3873,26,2.17,signal
2026-02-10 16:25:00+00:00,2026-02-10 18:25:00+00:00,SHORT_SPREAD,DOTUSDT,ATOMUSDT,2.278,-0.192,27.7862,24,2.0,signal
2026-02-10 23:05:00+00:00,2026-02-11 03:05:00+00:00,SHORT_SPREAD,DOTUSDT,ATOMUSDT,2.1294,-0.2914,18.4636,48,4.0,signal
2026-02-11 14:10:00+00:00,2026-02-11 14:55:00+00:00,SHORT_SPREAD,DOTUSDT,ATOMUSDT,3.7801,0.159,36.8068,9,0.75,signal
2026-02-11 16:20:00+00:00,2026-02-11 22:20:00+00:00,SHORT_SPREAD,DOTUSDT,ATOMUSDT,2.3593,1.9882,3.8732,72,6.0,timeout
2026-02-11 23:25:00+00:00,2026-02-12 00:15:00+00:00,SHORT_SPREAD,DOTUSDT,ATOMUSDT,2.5349,0.6663,16.3648,10,0.83,signal
2026-02-12 00:40:00+00:00,2026-02-12 00:50:00+00:00,SHORT_SPREAD,DOTUSDT,ATOMUSDT,2.2556,0.476,18.0006,2,0.17,signal
2026-02-12 01:00:00+00:00,2026-02-12 02:10:00+00:00,SHORT_SPREAD,DOTUSDT,ATOMUSDT,2.1842,-0.5167,27.3114,14,1.17,signal
2026-02-12 08:40:00+00:00,2026-02-12 14:10:00+00:00,SHORT_SPREAD,DOTUSDT,ATOMUSDT,2.0697,-0.2808,13.6203,66,5.5,signal
2026-02-12 19:25:00+00:00,2026-02-12 19:45:00+00:00,LONG_SPREAD,ATOMUSDT,DOTUSDT,-2.0551,-0.7478,12.4438,4,0.33,signal
2026-02-13 11:25:00+00:00,2026-02-13 12:20:00+00:00,SHORT_SPREAD,DOTUSDT,ATOMUSDT,2.1021,-0.228,18.3611,11,0.92,signal
2026-02-13 13:30:00+00:00,2026-02-13 15:15:00+00:00,SHORT_SPREAD,DOTUSDT,ATOMUSDT,2.8426,0.5523,21.8434,21,1.75,signal
2026-02-13 19:15:00+00:00,2026-02-13 19:30:00+00:00,LONG_SPREAD,ATOMUSDT,DOTUSDT,-2.1587,-0.5233,16.3609,3,0.25,signal
2026-02-13 23:55:00+00:00,2026-02-14 04:40:00+00:00,SHORT_SPREAD,DOTUSDT,ATOMUSDT,2.1186,-0.2141,17.4809,57,4.75,signal
2026-02-14 05:50:00+00:00,2026-02-14 08:15:00+00:00,LONG_SPREAD,ATOMUSDT,DOTUSDT,-2.7978,-0.6888,15.1676,29,2.42,signal
2026-02-14 08:50:00+00:00,2026-02-14 09:25:00+00:00,LONG_SPREAD,ATOMUSDT,DOTUSDT,-2.9402,-6.5649,-49.7736,7,0.58,stop
2026-02-14 11:25:00+00:00,2026-02-14 17:25:00+00:00,LONG_SPREAD,ATOMUSDT,DOTUSDT,-2.8136,-1.816,-17.3964,72,6.0,timeout
2026-02-14 17:35:00+00:00,2026-02-14 21:30:00+00:00,LONG_SPREAD,ATOMUSDT,DOTUSDT,-3.1219,0.2866,8.0164,47,3.92,signal
2026-02-15 00:20:00+00:00,2026-02-15 00:45:00+00:00,LONG_SPREAD,ATOMUSDT,DOTUSDT,-2.1401,0.428,27.7069,5,0.42,signal
2026-02-15 01:25:00+00:00,2026-02-15 01:30:00+00:00,SHORT_SPREAD,DOTUSDT,ATOMUSDT,2.8375,-0.4176,36.1859,1,0.08,signal
2026-02-15 02:35:00+00:00,2026-02-15 03:35:00+00:00,SHORT_SPREAD,DOTUSDT,ATOMUSDT,2.4472,0.0031,24.1523,12,1.0,signal
2026-02-15 04:15:00+00:00,2026-02-15 05:05:00+00:00,LONG_SPREAD,ATOMUSDT,DOTUSDT,-2.3216,-0.115,25.2328,10,0.83,signal
2026-02-15 11:05:00+00:00,2026-02-15 12:50:00+00:00,SHORT_SPREAD,DOTUSDT,ATOMUSDT,2.6846,-0.4854,27.8608,21,1.75,signal
2026-02-15 14:05:00+00:00,2026-02-15 17:45:00+00:00,SHORT_SPREAD,DOTUSDT,ATOMUSDT,3.1421,0.4084,34.1128,44,3.67,signal
2026-02-16 00:40:00+00:00,2026-02-16 06:40:00+00:00,SHORT_SPREAD,DOTUSDT,ATOMUSDT,2.8377,1.4297,-8.9549,72,6.0,timeout
2026-02-16 12:05:00+00:00,2026-02-16 12:15:00+00:00,SHORT_SPREAD,DOTUSDT,ATOMUSDT,2.2866,0.5617,16.3129,2,0.17,signal
2026-02-16 12:55:00+00:00,2026-02-16 15:15:00+00:00,SHORT_SPREAD,DOTUSDT,ATOMUSDT,3.7123,-0.1345,31.1569,28,2.33,signal
2026-02-16 16:00:00+00:00,2026-02-16 17:45:00+00:00,SHORT_SPREAD,DOTUSDT,ATOMUSDT,2.9414,0.2939,22.4079,21,1.75,signal
2026-02-16 18:50:00+00:00,2026-02-17 00:05:00+00:00,SHORT_SPREAD,DOTUSDT,ATOMUSDT,2.0698,0.3408,-5.241,63,5.25,signal
2026-02-17 01:30:00+00:00,2026-02-17 02:15:00+00:00,SHORT_SPREAD,DOTUSDT,ATOMUSDT,2.4481,1.8357,-0.3617,9,0.75,signal
2026-02-18 22:25:00+00:00,2026-02-19 00:15:00+00:00,LONG_SPREAD,ATOMUSDT,DOTUSDT,-4.8455,-5.0145,-16.5517,22,1.83,signal
2026-02-19 04:15:00+00:00,2026-02-19 07:20:00+00:00,LONG_SPREAD,ATOMUSDT,DOTUSDT,-4.0087,0.645,38.4942,37,3.08,signal
2026-02-19 13:55:00+00:00,2026-02-19 14:10:00+00:00,LONG_SPREAD,ATOMUSDT,DOTUSDT,-3.78,-0.6293,35.55,3,0.25,signal
2026-02-19 15:15:00+00:00,2026-02-19 17:00:00+00:00,LONG_SPREAD,ATOMUSDT,DOTUSDT,-2.0781,-0.2029,8.5157,21,1.75,signal
2026-02-19 19:40:00+00:00,2026-02-19 22:35:00+00:00,LONG_SPREAD,ATOMUSDT,DOTUSDT,-2.6146,0.3376,14.95,35,2.92,signal
2026-02-20 18:35:00+00:00,2026-02-20 22:15:00+00:00,SHORT_SPREAD,DOTUSDT,ATOMUSDT,2.2978,0.4019,0.6173,44,3.67,signal
2026-02-21 00:20:00+00:00,2026-02-21 01:00:00+00:00,LONG_SPREAD,ATOMUSDT,DOTUSDT,-2.7553,0.7108,38.7053,8,0.67,signal
2026-02-21 06:35:00+00:00,2026-02-21 09:00:00+00:00,LONG_SPREAD,ATOMUSDT,DOTUSDT,-2.1481,-0.4722,13.789,29,2.42,signal
2026-02-21 10:05:00+00:00,2026-02-21 11:05:00+00:00,LONG_SPREAD,ATOMUSDT,DOTUSDT,-2.4957,-0.4246,21.9957,12,1.0,signal
2026-02-21 13:30:00+00:00,2026-02-21 14:20:00+00:00,LONG_SPREAD,ATOMUSDT,DOTUSDT,-2.6114,-0.6322,19.0499,10,0.83,signal
2026-02-21 15:20:00+00:00,2026-02-21 16:00:00+00:00,LONG_SPREAD,ATOMUSDT,DOTUSDT,-4.2924,-0.096,48.4471,8,0.67,signal
2026-02-21 23:10:00+00:00,2026-02-22 03:05:00+00:00,LONG_SPREAD,ATOMUSDT,DOTUSDT,-2.972,-0.3996,7.054,47,3.92,signal
2026-02-22 12:15:00+00:00,2026-02-22 15:05:00+00:00,LONG_SPREAD,ATOMUSDT,DOTUSDT,-2.6137,-0.5041,15.088,34,2.83,signal
2026-02-22 21:20:00+00:00,2026-02-23 01:20:00+00:00,SHORT_SPREAD,DOTUSDT,ATOMUSDT,2.1719,-0.6315,28.8066,48,4.0,signal
2026-02-23 14:35:00+00:00,2026-02-23 15:05:00+00:00,LONG_SPREAD,ATOMUSDT,DOTUSDT,-2.9946,0.256,36.7295,6,0.5,signal
2026-02-23 16:10:00+00:00,2026-02-23 16:30:00+00:00,LONG_SPREAD,ATOMUSDT,DOTUSDT,-2.1892,0.6174,27.7307,4,0.33,signal
2026-02-23 17:45:00+00:00,2026-02-23 20:10:00+00:00,LONG_SPREAD,ATOMUSDT,DOTUSDT,-2.0491,-0.3176,8.9114,29,2.42,signal
2026-02-24 14:45:00+00:00,2026-02-24 15:15:00+00:00,SHORT_SPREAD,DOTUSDT,ATOMUSDT,2.6994,-0.5997,37.356,6,0.5,signal
2026-02-24 22:25:00+00:00,2026-02-25 00:05:00+00:00,LONG_SPREAD,ATOMUSDT,DOTUSDT,-2.8614,-0.2678,22.8566,20,1.67,signal
2026-02-25 00:45:00+00:00,2026-02-25 01:10:00+00:00,SHORT_SPREAD,DOTUSDT,ATOMUSDT,2.8452,-0.7005,41.6829,5,0.42,signal
2026-02-25 02:20:00+00:00,2026-02-25 05:00:00+00:00,LONG_SPREAD,ATOMUSDT,DOTUSDT,-5.3165,-8.0394,-36.783,32,2.67,stop
2026-02-25 10:05:00+00:00,2026-02-25 11:20:00+00:00,LONG_SPREAD,ATOMUSDT,DOTUSDT,-3.4248,-8.2673,-78.3281,15,1.25,stop
2026-02-28 14:20:00+00:00,2026-02-28 17:45:00+00:00,SHORT_SPREAD,DOTUSDT,ATOMUSDT,2.8888,0.1255,34.7918,41,3.42,signal
2026-03-01 02:20:00+00:00,2026-03-01 08:20:00+00:00,SHORT_SPREAD,DOTUSDT,ATOMUSDT,2.2801,-0.9685,18.7012,72,6.0,timeout
2026-03-01 09:05:00+00:00,2026-03-01 09:30:00+00:00,SHORT_SPREAD,DOTUSDT,ATOMUSDT,2.5309,-0.035,28.0931,5,0.42,signal
2026-03-01 11:05:00+00:00,2026-03-01 17:05:00+00:00,SHORT_SPREAD,DOTUSDT,ATOMUSDT,2.7391,1.4771,16.4473,72,6.0,timeout
2026-03-01 20:20:00+00:00,2026-03-01 22:10:00+00:00,LONG_SPREAD,ATOMUSDT,DOTUSDT,-2.006,-0.4449,12.7487,22,1.83,signal
2026-03-02 16:20:00+00:00,2026-03-02 18:25:00+00:00,SHORT_SPREAD,DOTUSDT,ATOMUSDT,2.0991,0.5723,10.0841,25,2.08,signal
2026-03-03 14:45:00+00:00,2026-03-03 16:00:00+00:00,LONG_SPREAD,ATOMUSDT,DOTUSDT,-3.3758,-0.1844,33.3554,15,1.25,signal
2026-03-03 17:25:00+00:00,2026-03-03 18:30:00+00:00,LONG_SPREAD,ATOMUSDT,DOTUSDT,-2.5662,0.5974,33.4739,13,1.08,signal
2026-03-03 21:05:00+00:00,2026-03-04 03:05:00+00:00,LONG_SPREAD,ATOMUSDT,DOTUSDT,-2.5538,-0.8065,8.112,72,6.0,timeout
2026-03-04 08:20:00+00:00,2026-03-04 12:40:00+00:00,SHORT_SPREAD,DOTUSDT,ATOMUSDT,3.2599,-0.6217,25.331,52,4.33,signal
2026-03-04 13:00:00+00:00,2026-03-04 14:00:00+00:00,SHORT_SPREAD,DOTUSDT,ATOMUSDT,3.1625,-0.7346,42.8942,12,1.0,signal
2026-03-04 15:50:00+00:00,2026-03-04 18:30:00+00:00,SHORT_SPREAD,DOTUSDT,ATOMUSDT,2.9859,-0.454,33.5618,32,2.67,signal
2026-03-04 22:20:00+00:00,2026-03-05 01:40:00+00:00,SHORT_SPREAD,DOTUSDT,ATOMUSDT,3.1625,0.6219,21.487,40,3.33,signal
2026-03-05 06:10:00+00:00,2026-03-05 09:50:00+00:00,SHORT_SPREAD,DOTUSDT,ATOMUSDT,2.3427,0.7443,5.4086,44,3.67,signal
2026-03-05 14:00:00+00:00,2026-03-05 14:10:00+00:00,LONG_SPREAD,ATOMUSDT,DOTUSDT,-2.2429,0.5456,33.5607,2,0.17,signal
2026-03-05 16:10:00+00:00,2026-03-05 22:10:00+00:00,LONG_SPREAD,ATOMUSDT,DOTUSDT,-3.0189,-0.9514,0.4378,72,6.0,timeout
2026-03-06 11:45:00+00:00,2026-03-06 14:00:00+00:00,LONG_SPREAD,ATOMUSDT,DOTUSDT,-2.3013,0.1181,23.7759,27,2.25,signal
2026-03-06 16:45:00+00:00,2026-03-06 20:15:00+00:00,LONG_SPREAD,ATOMUSDT,DOTUSDT,-4.1687,-0.6405,26.942,42,3.5,signal
2026-03-07 18:05:00+00:00,2026-03-07 18:30:00+00:00,LONG_SPREAD,ATOMUSDT,DOTUSDT,-3.3972,-0.4767,34.2671,5,0.42,signal
2026-03-07 20:05:00+00:00,2026-03-07 20:35:00+00:00,LONG_SPREAD,ATOMUSDT,DOTUSDT,-3.6907,0.1662,45.7144,6,0.5,signal
2026-03-07 22:10:00+00:00,2026-03-08 00:20:00+00:00,SHORT_SPREAD,DOTUSDT,ATOMUSDT,2.0806,0.1166,11.289,26,2.17,signal
2026-03-08 02:35:00+00:00,2026-03-08 08:35:00+00:00,LONG_SPREAD,ATOMUSDT,DOTUSDT,-2.3428,-0.8674,-11.2415,72,6.0,timeout
2026-03-08 12:30:00+00:00,2026-03-08 12:55:00+00:00,LONG_SPREAD,ATOMUSDT,DOTUSDT,-2.2478,-0.725,15.7657,5,0.42,signal
2026-03-08 14:15:00+00:00,2026-03-08 14:25:00+00:00,LONG_SPREAD,ATOMUSDT,DOTUSDT,-2.0315,-0.0188,22.7174,2,0.17,signal
2026-03-08 14:40:00+00:00,2026-03-08 15:50:00+00:00,LONG_SPREAD,ATOMUSDT,DOTUSDT,-2.7808,0.5519,33.6194,14,1.17,signal
2026-03-09 07:15:00+00:00,2026-03-09 13:15:00+00:00,LONG_SPREAD,ATOMUSDT,DOTUSDT,-2.4353,0.9275,42.6749,72,6.0,timeout
2026-03-09 15:20:00+00:00,2026-03-09 15:25:00+00:00,SHORT_SPREAD,DOTUSDT,ATOMUSDT,2.0692,-0.1118,26.3759,1,0.08,signal
2026-03-09 15:35:00+00:00,2026-03-09 15:45:00+00:00,LONG_SPREAD,ATOMUSDT,DOTUSDT,-3.1113,0.1154,39.234,2,0.17,signal
2026-03-09 17:50:00+00:00,2026-03-09 18:15:00+00:00,LONG_SPREAD,ATOMUSDT,DOTUSDT,-2.4423,-2.3648,-9.2242,5,0.42,signal
2026-03-10 13:00:00+00:00,2026-03-10 18:50:00+00:00,SHORT_SPREAD,DOTUSDT,ATOMUSDT,3.2324,0.7447,-3.062,70,5.83,signal
2026-03-13 11:15:00+00:00,2026-03-13 17:00:00+00:00,LONG_SPREAD,ATOMUSDT,DOTUSDT,-2.1344,-0.257,38.2389,69,5.75,signal
2026-03-14 02:20:00+00:00,2026-03-14 02:30:00+00:00,LONG_SPREAD,ATOMUSDT,DOTUSDT,-2.2,0.7347,36.9898,2,0.17,signal
2026-03-14 09:40:00+00:00,2026-03-14 11:05:00+00:00,LONG_SPREAD,ATOMUSDT,DOTUSDT,-2.373,0.0148,25.6692,17,1.42,signal
2026-03-14 11:40:00+00:00,2026-03-14 17:40:00+00:00,LONG_SPREAD,ATOMUSDT,DOTUSDT,-2.0957,1.4147,38.2358,72,6.0,timeout
2026-03-16 06:25:00+00:00,2026-03-16 07:40:00+00:00,SHORT_SPREAD,DOTUSDT,ATOMUSDT,2.2365,-0.7454,32.8705,15,1.25,signal
2026-03-16 08:05:00+00:00,2026-03-16 09:20:00+00:00,SHORT_SPREAD,DOTUSDT,ATOMUSDT,2.6516,-0.0909,18.9476,15,1.25,signal
2026-03-16 18:20:00+00:00,2026-03-16 18:30:00+00:00,SHORT_SPREAD,DOTUSDT,ATOMUSDT,2.2251,0.7153,16.5573,2,0.17,signal
2026-03-16 18:40:00+00:00,2026-03-16 20:15:00+00:00,SHORT_SPREAD,DOTUSDT,ATOMUSDT,2.7634,0.6166,11.7898,19,1.58,signal
